,number units,L2 regularization,learning rate,beta 1,beta 2,accuracy,balanced accuracy,ROC,F1,Matthews
model 0,165.78495645088245,0.008101065083023976,0.008118172604798536,0.9231566534661229,0.9231566534661229,0.9890379636167995,0.9828718312079934,0.9828718312079934,0.9920099183860932,0.9748714029827559
model 1,101.79115440451973,0.004549409069450845,0.004598513492248586,0.7813037255966854,0.7813037255966854,0.9888025824674669,0.9825313689731913,0.982531368973191,0.9918393424191444,0.9743312089775351
model 2,100.68809990846054,0.00448818954491956,0.004537845494965331,0.7788586214637542,0.7788586214637542,0.9889707118598473,0.9827944991700127,0.9827944991700126,0.9919609130411065,0.9747153124312876
best model,0.8248109862298575,0.008101065083023976,0.008118172604798536,0.9231566534661229,0.9231566534661229,0.9898962315674494,0.9846043700456417,0.9846043700456418,0.99256057102644,0.9770703005535181
