,number units,L2 regularization,learning rate,beta 1,beta 2,accuracy,balanced accuracy,ROC,F1,Matthews
model 0,101.79115440451973,0.004549409069450845,0.004598513492248586,0.7813037255966854,0.7813037255966854,0.997309929721914,0.9975671769884205,0.9975671769884205,0.9969319813960876,0.9945491283649747
model 1,166.32679854378281,0.008131137319179948,0.008147973919908057,0.924357736772052,0.924357736772052,0.9974780591142943,0.9977508734092752,0.9977508734092752,0.997124095730768,0.9948912650861629
model 2,100.68809990846054,0.00448818954491956,0.004537845494965331,0.7788586214637542,0.7788586214637542,0.9974108073573422,0.9976739621648512,0.9976739621648513,0.9970471672284935,0.9947540409355758
best model,0.8275067513981429,0.008131137319179948,0.008147973919908057,0.924357736772052,0.924357736772052,0.996381758601857,0.9967331329097107,0.9967331329097107,0.9958402009261439,0.9926582102817839
