,number units,L2 regularization,learning rate,beta 1,beta 2,accuracy,balanced accuracy,ROC,F1,Matthews
model 0,149.95548122039554,0.007222529207731953,0.007247551467121757,0.8880679833718768,0.8880679833718768,0.964222065301456,0.7877628218470051,0.787762821847005,0.9810310269592067,0.6806797951139566
model 1,101.79115440451973,0.004549409069450845,0.004598513492248586,0.7813037255966854,0.7813037255966854,0.9642556911799322,0.8066218205548473,0.8066218205548473,0.9809913098838865,0.6882980122764991
model 2,153.81769225521094,0.007436881920164207,0.007459973074036602,0.8966292178323843,0.8966292178323843,0.9649618346279296,0.8042090249412458,0.8042090249412458,0.9813822549687847,0.6922218028819359
best model,0.7652716215310496,0.007436881920164207,0.007459973074036602,0.8966292178323843,0.8966292178323843,0.9622474057891862,0.7540398167888955,0.7540398167888955,0.9800252844500633,0.6690129754251176
