,number units,L2 regularization,learning rate,beta 1,beta 2,accuracy,balanced accuracy,ROC,F1,Matthews
model 0,190.0723449307682,0.009449015143657634,0.009453978971192252,0.9769936979298695,0.9769936979298695,0.9129762265039174,0.9107928941610118,0.9107928941610118,0.9250403933535724,0.8214390574171362
model 1,190.0723449307682,0.009449015143657634,0.009453978971192252,0.9769936979298695,0.9769936979298695,0.9129762265039174,0.9107928941610118,0.9107928941610118,0.9250403933535724,0.8214390574171362
model 2,186.9128735629664,0.009273664482744637,0.009280208045963153,0.9699902030645756,0.9699902030645756,0.9109250479168768,0.9083444902063079,0.9083444902063079,0.9234042190496211,0.8174152591750049
best model,0.9456452601826774,0.009449015143657634,0.009453978971192252,0.9769936979298695,0.9769936979298695,0.9098853085745494,0.9077022579057463,0.9077022579057463,0.9230230930720783,0.8143874171926646
