,number units,L2 regularization,learning rate,beta 1,beta 2,accuracy,balanced accuracy,ROC,F1,Matthews
model 0,100.68809990846054,0.00448818954491956,0.004537845494965331,0.7788586214637542,0.7788586214637542,0.9221897172063621,0.5,0.5,0.9595199769714512,0.0
model 1,100.68809990846054,0.00448818954491956,0.004537845494965331,0.7788586214637542,0.7788586214637542,0.9221897172063621,0.5,0.5,0.9595199769714512,0.0
model 2,100.68809990846054,0.00448818954491956,0.004537845494965331,0.7788586214637542,0.7788586214637542,0.9221897172063621,0.5,0.5,0.9595199769714512,0.0
best model,0.5009420201024862,0.00448818954491956,0.004537845494965331,0.7788586214637542,0.7788586214637542,0.9291370835608956,0.580695346044725,0.580695346044725,0.9627609959101671,0.3180628762165706
