,number units,L2 regularization,learning rate,beta 1,beta 2,accuracy,balanced accuracy,ROC,F1,Matthews
model 0,100.68809990846054,0.00448818954491956,0.004537845494965331,0.7788586214637542,0.7788586214637542,0.8466996200275733,0.5,0.5,0.9169868344390891,0.0
model 1,149.95548122039554,0.007222529207731953,0.007247551467121757,0.8880679833718768,0.8880679833718768,0.8512727395003195,0.5267647329332505,0.5267647329332505,0.91890028702189,0.0980132006345066
model 2,100.68809990846054,0.00448818954491956,0.004537845494965331,0.7788586214637542,0.7788586214637542,0.8466996200275733,0.5,0.5,0.9169868344390891,0.0
best model,0.7460564034506458,0.007222529207731953,0.007247551467121757,0.8880679833718768,0.8880679833718768,0.8568405243036592,0.5934733642190291,0.593473364219029,0.9200686106346484,0.3069568210252839
