,number units,L2 regularization,learning rate,beta 1,beta 2,accuracy,balanced accuracy,ROC,F1,Matthews
model 0,153.7184914774552,0.007431376276998764,0.007454517031260037,0.8964093227750257,0.8964093227750257,0.9956622616765863,0.9957435321308773,0.9957435321308773,0.9946303000254485,0.9910007306529557
model 1,148.39587789946515,0.007135971223420317,0.007161773284470585,0.8846108626771478,0.8846108626771478,0.9954605064057298,0.9953046559434159,0.9953046559434159,0.9943733075776734,0.990571777996682
model 2,117.20485645441985,0.005404869533220302,0.005446267104993093,0.8154707651406307,0.8154707651406307,0.9958976428259189,0.9958464238138832,0.9958464238138832,0.9949179357836803,0.991479607825014
best model,0.5831159552268552,0.005404869533220302,0.005446267104993093,0.8154707651406307,0.8154707651406307,0.9949481157837248,0.9954240225442061,0.9954240225442061,0.9936913895993179,0.9895018666672886
