,number units,L2 regularization,learning rate,beta 1,beta 2,accuracy,balanced accuracy,ROC,F1,Matthews
model 0,186.9128735629664,0.009273664482744637,0.009280208045963153,0.9699902030645756,0.9699902030645756,0.9464003497091361,0.9474497099637355,0.9474497099637356,0.9581886955357947,0.8846381634166058
model 1,186.9128735629664,0.009273664482744637,0.009280208045963153,0.9699902030645756,0.9699902030645756,0.9464003497091361,0.9474497099637355,0.9474497099637356,0.9581886955357947,0.8846381634166058
model 2,186.9128735629664,0.009273664482744637,0.009280208045963153,0.9699902030645756,0.9699902030645756,0.9464003497091361,0.9474497099637355,0.9474497099637356,0.9581886955357947,0.8846381634166058
best model,0.9299263026208453,0.009273664482744637,0.009280208045963153,0.9699902030645756,0.9699902030645756,0.9363052976515566,0.9233813201333021,0.9233813201333021,0.9514340742283066,0.8600769106633144
