,number units,L2 regularization,learning rate,beta 1,beta 2,accuracy,balanced accuracy,ROC,F1,Matthews
model 0,103.80936863536084,0.004661419959262527,0.004709515274944847,0.7857774338083832,0.7857774338083832,0.9585056659605232,0.8063575581857343,0.8063575581857343,0.9777666713670451,0.671653168245263
model 1,136.3224788696385,0.006465897577264938,0.006497736337830119,0.8578481614943654,0.8578481614943654,0.9581357812972864,0.7989694884665051,0.7989694884665051,0.9775915156912136,0.6655407704954764
model 2,117.20485645441985,0.005404869533220302,0.005446267104993093,0.8154707651406307,0.8154707651406307,0.958841924745284,0.7989276079116466,0.7989276079116466,0.9779834145637937,0.6688179014432496
best model,0.5164709124220122,0.004661419959262527,0.004709515274944847,0.7857774338083832,0.7857774338083832,0.9584926269797924,0.8262964058416388,0.8262964058416389,0.9776815211805301,0.6826665747452735
