,number units,L2 regularization,learning rate,beta 1,beta 2,accuracy,balanced accuracy,ROC,F1,Matthews
model 0,166.32679854378281,0.008131137319179948,0.008147973919908057,0.924357736772052,0.924357736772052,0.8601835972964794,0.8620539740079681,0.8620539740079683,0.802252036081022,0.6999569454137484
model 1,151.83426594467826,0.007326801759929644,0.007350884626957307,0.8922326228440369,0.8922326228440369,0.8608224889875249,0.8609146618843853,0.8609146618843853,0.8018189996887863,0.6994203000040674
model 2,165.78495645088245,0.008101065083023976,0.008118172604798536,0.9231566534661229,0.9231566534661229,0.8588385621574363,0.8647534126945259,0.8647534126945259,0.8033668853422289,0.7013637716728062
best model,0.8248109862298575,0.008101065083023976,0.008118172604798536,0.9231566534661229,0.9231566534661229,0.8674221736755872,0.8598090733077519,0.8598090733077519,0.8058000000000001,0.7065529596860545
