,number units,L2 regularization,learning rate,beta 1,beta 2,accuracy,balanced accuracy,ROC,F1,Matthews
model 0,100.68809990846054,0.00448818954491956,0.004537845494965331,0.7788586214637542,0.7788586214637542,0.9918961632872659,0.96414699354318,0.96414699354318,0.9954526549446862,0.959106851156544
model 1,100.68809990846054,0.00448818954491956,0.004537845494965331,0.7788586214637542,0.7788586214637542,0.9918961632872659,0.96414699354318,0.96414699354318,0.9954526549446862,0.959106851156544
model 2,100.68809990846054,0.00448818954491956,0.004537845494965331,0.7788586214637542,0.7788586214637542,0.9918961632872659,0.96414699354318,0.96414699354318,0.9954526549446862,0.959106851156544
best model,0.5009420201024862,0.00448818954491956,0.004537845494965331,0.7788586214637542,0.7788586214637542,0.992012561441835,0.96484375,0.96484375,0.9955146635997699,0.9598879194743666
