,number units,L2 regularization,learning rate,beta 1,beta 2,accuracy,balanced accuracy,ROC,F1,Matthews
model 0,149.95548122039554,0.007222529207731953,0.007247551467121757,0.8880679833718768,0.8880679833718768,0.9969064191802012,0.9972455257252131,0.997245525725213,0.9964705335689977,0.9937367635588376
model 1,101.79115440451973,0.004549409069450845,0.004598513492248586,0.7813037255966854,0.7813037255966854,0.9967046639093446,0.9970058637425661,0.9970058637425661,0.9962390140184031,0.9933235356413513
model 2,93.73045168420238,0.004102040068473233,0.004155174842631132,0.7634358345666487,0.7634358345666487,0.996872793301725,0.9971983817262116,0.9971983817262116,0.9964316858127041,0.993666798072557
best model,0.7460564034506458,0.007222529207731953,0.007247551467121757,0.8880679833718768,0.8880679833718768,0.9961769524849808,0.9965345020314517,0.9965345020314517,0.995603705448265,0.9922419858854701
