,number units,L2 regularization,learning rate,beta 1,beta 2,accuracy,balanced accuracy,ROC,F1,Matthews
model 0,136.3224788696385,0.006465897577264938,0.006497736337830119,0.8578481614943654,0.8578481614943654,0.961565620901846,0.7636606243127159,0.7636606243127156,0.9796702324614195,0.6460000606735848
model 1,117.20485645441985,0.005404869533220302,0.005446267104993093,0.8154707651406307,0.8154707651406307,0.961128484481657,0.7756613118022132,0.7756613118022132,0.9793929403421929,0.6492629252735361
model 2,117.20485645441985,0.005404869533220302,0.005446267104993093,0.8154707651406307,0.8154707651406307,0.961128484481657,0.7756613118022132,0.7756613118022132,0.9793929403421929,0.6492629252735361
best model,0.5831159552268552,0.005404869533220302,0.005446267104993093,0.8154707651406307,0.8154707651406307,0.963203167667941,0.7626021405114369,0.7626021405114368,0.9805744765199842,0.6522632679355708
