,number units,L2 regularization,learning rate,beta 1,beta 2,accuracy,balanced accuracy,ROC,F1,Matthews
model 0,117.20485645441985,0.005404869533220302,0.005446267104993093,0.8154707651406307,0.8154707651406307,0.9537307912169206,0.7383104413831115,0.7383104413831115,0.9754612990105476,0.5900200168161359
model 1,153.81769225521094,0.007436881920164207,0.007459973074036602,0.8966292178323843,0.8966292178323843,0.9552439557483439,0.7422383567511096,0.7422383567511096,0.9762724730462496,0.601681991674547
model 2,91.21829848412204,0.003962615565868774,0.004017006416626713,0.7578672283064706,0.7578672283064706,0.9545714381788225,0.7425361102682227,0.7425361102682227,0.9759043568042175,0.5970582374700378
best model,0.7652716215310496,0.007436881920164207,0.007459973074036602,0.8966292178323843,0.8966292178323843,0.925587110868378,0.5,0.5,0.9613557399134937,0.0
