,number units,L2 regularization,learning rate,beta 1,beta 2,accuracy,balanced accuracy,ROC,F1,Matthews
model 0,100.68809990846054,0.00448818954491956,0.004537845494965331,0.7788586214637542,0.7788586214637542,0.9837923265745318,0.9213916951608184,0.9213916951608184,0.9911064669760977,0.9031319829884858
model 1,158.40694737039163,0.007691585579056736,0.007712382105371541,0.9068020666710348,0.9068020666710348,0.9841285853592926,0.9215776033221866,0.9215776033221866,0.9912925994283346,0.9051903308558423
model 2,100.68809990846054,0.00448818954491956,0.004537845494965331,0.7788586214637542,0.7788586214637542,0.9837923265745318,0.9213916951608184,0.9213916951608184,0.9911064669760977,0.9031319829884858
best model,0.7881040191058806,0.007691585579056736,0.007712382105371541,0.9068020666710348,0.9068020666710348,0.9827280174767886,0.9166549248867666,0.9166549248867665,0.9905168859402526,0.8975665969380088
