,number units,L2 regularization,learning rate,beta 1,beta 2,accuracy,balanced accuracy,ROC,F1,Matthews
model 0,153.81769225521094,0.007436881920164207,0.007459973074036602,0.8966292178323843,0.8966292178323843,0.9439120347019067,0.6766191194971801,0.6766191194971801,0.9703386759178639,0.472144917228896
model 1,151.83426594467826,0.007326801759929644,0.007350884626957307,0.8922326228440369,0.8922326228440369,0.9595144423148055,0.7654786760822717,0.7654786760822717,0.9783262955053599,0.7127209989652307
model 2,103.80936863536084,0.004661419959262527,0.004709515274944847,0.7857774338083832,0.7857774338083832,0.9594471905578533,0.7650888125345133,0.7650888125345133,0.9782910456617308,0.7121752267471214
best model,0.7554037068159445,0.007326801759929644,0.007350884626957307,0.8922326228440369,0.8922326228440369,0.9617695248498088,0.768595041322314,0.768595041322314,0.979588861350051,0.7181221408943208
