,number units,L2 regularization,learning rate,beta 1,beta 2,accuracy,balanced accuracy,ROC,F1,Matthews
model 0,103.80936863536084,0.004661419959262527,0.004709515274944847,0.7857774338083832,0.7857774338083832,0.9934429536971653,0.976501927146951,0.976501927146951,0.9964247073511768,0.9570204862526622
model 1,93.73045168420238,0.004102040068473233,0.004155174842631132,0.7634358345666487,0.7634358345666487,0.9941490971451629,0.9810892776266006,0.9810892776266006,0.9968075854972999,0.9618322578498057
model 2,100.68809990846054,0.00448818954491956,0.004537845494965331,0.7788586214637542,0.7788586214637542,0.9941154712666869,0.9810709303493366,0.9810709303493366,0.9967891885703448,0.9616219442301746
best model,0.4663264264048094,0.004102040068473233,0.004155174842631132,0.7634358345666487,0.7634358345666487,0.9929000546149646,0.9777603402063746,0.9777603402063745,0.9961222967934377,0.954120562393681
