,number units,L2 regularization,learning rate,beta 1,beta 2,accuracy,balanced accuracy,ROC,F1,Matthews
model 0,100.68809990846054,0.00448818954491956,0.004537845494965331,0.7788586214637542,0.7788586214637542,0.996839167423249,0.9865289077900172,0.9865289077900172,0.9982792853077697,0.9789297537476381
model 1,100.68809990846054,0.00448818954491956,0.004537845494965331,0.7788586214637542,0.7788586214637542,0.996839167423249,0.9865289077900172,0.9865289077900172,0.9982792853077697,0.9789297537476381
model 2,165.78495645088245,0.008101065083023976,0.008118172604798536,0.9231566534661229,0.9231566534661229,0.9969064191802012,0.9867519629487796,0.9867519629487794,0.9983158873083804,0.9793728550884889
best model,0.8248109862298575,0.008101065083023976,0.008118172604798536,0.9231566534661229,0.9231566534661229,0.9956308028399782,0.9790203584270987,0.9790203584270986,0.9976197560249925,0.9711711079570794
