,number units,L2 regularization,learning rate,beta 1,beta 2,accuracy,balanced accuracy,ROC,F1,Matthews
model 0,153.7184914774552,0.007431376276998764,0.007454517031260037,0.8964093227750257,0.8964093227750257,0.9603550892767073,0.7902930443893142,0.7902930443893142,0.9788428088889897,0.6765249110761533
model 1,117.20485645441985,0.005404869533220302,0.005446267104993093,0.8154707651406307,0.8154707651406307,0.9605904704260398,0.7794281605823615,0.7794281605823615,0.9790085310521134,0.674203258006672
model 2,132.16875018748738,0.006235365635405549,0.006269281260311807,0.8486407295822637,0.8486407295822637,0.9612629879955614,0.7930785810757843,0.7930785810757843,0.9793265387872179,0.6837123051212316
best model,0.6575641091006171,0.006235365635405549,0.006269281260311807,0.8486407295822637,0.8486407295822637,0.9595166575641726,0.775871589962073,0.775871589962073,0.9784041662114427,0.6737505383099289
