,number units,L2 regularization,learning rate,beta 1,beta 2,accuracy,balanced accuracy,ROC,F1,Matthews
model 0,100.68809990846054,0.00448818954491956,0.004537845494965331,0.7788586214637542,0.7788586214637542,0.8708430007733953,0.5,0.5,0.9309632072464424,0.0
model 1,100.68809990846054,0.00448818954491956,0.004537845494965331,0.7788586214637542,0.7788586214637542,0.8708430007733953,0.5,0.5,0.9309632072464424,0.0
model 2,100.68809990846054,0.00448818954491956,0.004537845494965331,0.7788586214637542,0.7788586214637542,0.8708430007733953,0.5,0.5,0.9309632072464424,0.0
best model,0.5009420201024862,0.00448818954491956,0.004537845494965331,0.7788586214637542,0.7788586214637542,0.8768432550518842,0.6076714447872957,0.6076714447872957,0.9320527306967985,0.3261332692119001
