,number units,L2 regularization,learning rate,beta 1,beta 2,accuracy,balanced accuracy,ROC,F1,Matthews
model 0,101.79115440451973,0.004549409069450845,0.004598513492248586,0.7813037255966854,0.7813037255966854,0.98577625340462,0.9691420735500568,0.9691420735500568,0.9908427906167292,0.959820743731603
model 1,100.68809990846054,0.00448818954491956,0.004537845494965331,0.7788586214637542,0.7788586214637542,0.98560812401224,0.9687772165739915,0.9687772165739915,0.9907355982310558,0.9593445007051496
model 2,149.95548122039554,0.007222529207731953,0.007247551467121757,0.8880679833718768,0.8880679833718768,0.9857762534046203,0.9691931665472472,0.9691931665472472,0.9908424053315906,0.9598171811575787
best model,0.5064299213345224,0.004549409069450845,0.004598513492248586,0.7813037255966854,0.7813037255966854,0.9882577826324412,0.9746583960174589,0.9746583960174589,0.9924508426966292,0.9665509402270671
