,number units,L2 regularization,learning rate,beta 1,beta 2,accuracy,balanced accuracy,ROC,F1,Matthews
model 0,100.68809990846054,0.00448818954491956,0.004537845494965331,0.7788586214637542,0.7788586214637542,0.8946837486129325,0.5,0.5,0.9444148652965604,0.0
model 1,100.68809990846054,0.00448818954491956,0.004537845494965331,0.7788586214637542,0.7788586214637542,0.8946837486129325,0.5,0.5,0.9444148652965604,0.0
model 2,100.68809990846054,0.00448818954491956,0.004537845494965331,0.7788586214637542,0.7788586214637542,0.8946837486129325,0.5,0.5,0.9444148652965604,0.0
best model,0.5009420201024862,0.00448818954491956,0.004537845494965331,0.7788586214637542,0.7788586214637542,0.8965729109776078,0.5,0.5,0.9454663259061948,0.0
