,number units,L2 regularization,learning rate,beta 1,beta 2,accuracy,balanced accuracy,ROC,F1,Matthews
model 0,100.68809990846054,0.00448818954491956,0.004537845494965331,0.7788586214637542,0.7788586214637542,0.9998991223645718,0.9995069033530571,0.9995069033530571,0.999943823380709,0.9994504493657694
model 1,101.79115440451973,0.004549409069450845,0.004598513492248586,0.7813037255966854,0.7813037255966854,1.0,1.0,1.0,1.0,1.0
model 2,100.68809990846054,0.00448818954491956,0.004537845494965331,0.7788586214637542,0.7788586214637542,0.9998991223645718,0.9995069033530571,0.9995069033530571,0.999943823380709,0.9994504493657694
best model,0.5064299213345224,0.004549409069450845,0.004598513492248586,0.7813037255966854,0.7813037255966854,1.0,1.0,1.0,1.0,1.0
