,number units,L2 regularization,learning rate,beta 1,beta 2,accuracy,balanced accuracy,ROC,F1,Matthews
model 0,180.6119183510664,0.008923961468484187,0.008933655509308653,0.9560230856781973,0.9560230856781973,0.9118329466357308,0.9068941248968615,0.9068941248968616,0.9251697369314765,0.8184652175257362
model 1,190.0723449307682,0.009449015143657634,0.009453978971192252,0.9769936979298695,0.9769936979298695,0.9112613067016376,0.9115354992131349,0.9115354992131349,0.9225546914168108,0.8194783916079914
model 2,190.0723449307682,0.009449015143657634,0.009453978971192252,0.9769936979298695,0.9769936979298695,0.9112613067016376,0.9115354992131349,0.9115354992131349,0.9225546914168108,0.8194783916079914
best model,0.9456452601826774,0.009449015143657634,0.009453978971192252,0.9769936979298695,0.9769936979298695,0.905993992353905,0.899568013121938,0.899568013121938,0.9212917976564732,0.8053112767079638
