,number units,L2 regularization,learning rate,beta 1,beta 2,accuracy,balanced accuracy,ROC,F1,Matthews
model 0,165.78495645088245,0.008101065083023976,0.008118172604798536,0.9231566534661229,0.9231566534661229,0.9700057163993409,0.8208339290886105,0.8208339290886105,0.9840752440332908,0.7366268832501356
model 1,149.95548122039554,0.007222529207731953,0.007247551467121757,0.8880679833718768,0.8880679833718768,0.9698712128854367,0.8102221844425764,0.8102221844425767,0.9840240464277796,0.7342609746087306
model 2,148.39587789946515,0.007135971223420317,0.007161773284470585,0.8846108626771478,0.8846108626771478,0.9712498739029557,0.8006695209609781,0.8006695209609781,0.9847933024779135,0.7432643571706876
best model,0.7382970869191422,0.007135971223420317,0.007161773284470585,0.8846108626771478,0.8846108626771478,0.9731021299836156,0.8241994685698222,0.8241994685698222,0.9857225684881866,0.7683587182543201
