,number units,L2 regularization,learning rate,beta 1,beta 2,accuracy,balanced accuracy,ROC,F1,Matthews
model 0,100.68809990846054,0.00448818954491956,0.004537845494965331,0.7788586214637542,0.7788586214637542,0.9944181041729715,0.9884690591212331,0.9884690591212331,0.9969581402627711,0.9632621244378873
model 1,149.95548122039554,0.007222529207731953,0.007247551467121757,0.8880679833718768,0.8880679833718768,0.994249974780591,0.9880000836522576,0.9880000836522576,0.9968664169793063,0.9621697833444598
model 2,125.77687175732709,0.005880616382531654,0.0059177279466529915,0.8344720657287417,0.8344720657287417,0.9944853559299237,0.9886943973900496,0.9886943973900496,0.996994774249826,0.9637098168929009
best model,0.6257633253340644,0.005880616382531654,0.0059177279466529915,0.8344720657287417,0.8344720657287417,0.9939240851993446,0.9886500922259229,0.9886500922259228,0.9966876325877404,0.9602322597660964
