,number units,L2 regularization,learning rate,beta 1,beta 2,accuracy,balanced accuracy,ROC,F1,Matthews
model 0,190.0723449307682,0.009449015143657634,0.009453978971192252,0.9769936979298695,0.9769936979298695,0.9887353307105148,0.9900526153601118,0.9900526153601118,0.9870254316684651,0.9773094788018257
model 1,125.77687175732709,0.005880616382531654,0.0059177279466529915,0.8344720657287417,0.8344720657287417,0.9889034601028953,0.9902584786695888,0.9902584786695888,0.9872227107103178,0.9776611395620328
model 2,100.68809990846054,0.00448818954491956,0.004537845494965331,0.7788586214637542,0.7788586214637542,0.9887689565889909,0.9900918310463864,0.9900918310463864,0.9870648788835007,0.9773777433293946
best model,0.6257633253340644,0.005880616382531654,0.0059177279466529915,0.8344720657287417,0.8344720657287417,0.989213544511196,0.9904968074444279,0.9904968074444278,0.9874960430515984,0.978221996910772
