,number units,L2 regularization,learning rate,beta 1,beta 2,accuracy,balanced accuracy,ROC,F1,Matthews
model 0,103.80936863536084,0.004661419959262527,0.004709515274944847,0.7857774338083832,0.7857774338083832,0.957496889606241,0.7978052120906635,0.7978052120906635,0.9772369400898082,0.6635042419723435
model 1,95.51735212650563,0.004201213043021063,0.004253454366957811,0.7673967972137541,0.7673967972137541,0.9582366589327146,0.8111570273693686,0.8111570273693686,0.9775912546922045,0.6742997125669324
model 2,117.20485645441985,0.005404869533220302,0.005446267104993093,0.8154707651406307,0.8154707651406307,0.9579340260264301,0.7880136302120734,0.7880136302120734,0.977514351683217,0.662099702650163
best model,0.47521658838128145,0.004201213043021063,0.004253454366957811,0.7673967972137541,0.7673967972137541,0.9589022392135446,0.8143611756379485,0.8143611756379485,0.9779228399589261,0.6846056002763721
