,number units,L2 regularization,learning rate,beta 1,beta 2,accuracy,balanced accuracy,ROC,F1,Matthews
model 0,100.68809990846054,0.00448818954491956,0.004537845494965331,0.7788586214637542,0.7788586214637542,0.8194962843404284,0.5,0.5,0.9007946767579136,0.0
model 1,100.68809990846054,0.00448818954491956,0.004537845494965331,0.7788586214637542,0.7788586214637542,0.8194962843404284,0.5,0.5,0.9007946767579136,0.0
model 2,100.68809990846054,0.00448818954491956,0.004537845494965331,0.7788586214637542,0.7788586214637542,0.8194962843404284,0.5,0.5,0.9007946767579136,0.0
best model,0.5009420201024862,0.00448818954491956,0.004537845494965331,0.7788586214637542,0.7788586214637542,0.8242763517203714,0.5,0.5,0.9036748746351322,0.0
