,number units,L2 regularization,learning rate,beta 1,beta 2,accuracy,balanced accuracy,ROC,F1,Matthews
model 0,158.40694737039163,0.007691585579056736,0.007712382105371541,0.9068020666710348,0.9068020666710348,0.990181243484986,0.959946318785524,0.959946318785524,0.9946297218465845,0.9376898494323335
model 1,158.40694737039163,0.007691585579056736,0.007712382105371541,0.9068020666710348,0.9068020666710348,0.990181243484986,0.959946318785524,0.959946318785524,0.9946297218465845,0.9376898494323335
model 2,149.95548122039554,0.007222529207731953,0.007247551467121757,0.8880679833718768,0.8880679833718768,0.9900803658495577,0.9598910335135206,0.9598910335135206,0.9945741785209239,0.9370686616778086
best model,0.7881040191058806,0.007691585579056736,0.007712382105371541,0.9068020666710348,0.9068020666710348,0.9895548880393228,0.9592481591117386,0.9592481591117384,0.9942878476759379,0.9335372965937834
