,number units,L2 regularization,learning rate,beta 1,beta 2,accuracy,balanced accuracy,ROC,F1,Matthews
model 0,100.68809990846054,0.00448818954491956,0.004537845494965331,0.7788586214637542,0.7788586214637542,0.9907192575406033,0.9810800422843005,0.9810800422843005,0.994237434570325,0.9705094242646924
model 1,100.68809990846054,0.00448818954491956,0.004537845494965331,0.7788586214637542,0.7788586214637542,0.9907192575406033,0.9810800422843005,0.9810800422843005,0.994237434570325,0.9705094242646924
model 2,100.68809990846054,0.00448818954491956,0.004537845494965331,0.7788586214637542,0.7788586214637542,0.9907192575406033,0.9810800422843005,0.9810800422843005,0.994237434570325,0.9705094242646924
best model,0.5009420201024862,0.00448818954491956,0.004537845494965331,0.7788586214637542,0.7788586214637542,0.9894866193336974,0.9793357885144414,0.9793357885144414,0.9934596109742632,0.9667707135716834
