,number units,L2 regularization,learning rate,beta 1,beta 2,accuracy,balanced accuracy,ROC,F1,Matthews
model 0,158.40694737039163,0.007691585579056736,0.007712382105371541,0.9068020666710348,0.9068020666710348,0.9614311173879417,0.7966317070673631,0.7966317070673631,0.9794524487977303,0.6748428542564785
model 1,109.53152269435945,0.0049789995095369495,0.005024233748189771,0.7984615419724967,0.7984615419724967,0.9621708867144155,0.7806898014518824,0.7806898014518824,0.9799142574557943,0.6725119192505725
model 2,117.20485645441985,0.005404869533220302,0.005446267104993093,0.8154707651406307,0.8154707651406307,0.961969131443559,0.802068844196436,0.802068844196436,0.9797276014419483,0.6812753939512346
best model,0.5831159552268552,0.005404869533220302,0.005446267104993093,0.8154707651406307,0.8154707651406307,0.9629300928454396,0.8075221238938053,0.8075221238938053,0.980177417588435,0.7035802835569092
