,number units,L2 regularization,learning rate,beta 1,beta 2,accuracy,balanced accuracy,ROC,F1,Matthews
model 0,127.4906211642893,0.0059757294746180575,0.006011984164035913,0.8382708769141747,0.8382708769141747,0.9564881132519587,0.9362498985231072,0.9362498985231072,0.9681983485638798,0.9035816602792677
model 1,66.16271781010619,0.002572030838460894,0.0026389494795558406,0.7023273578124021,0.7023273578124021,0.9571942566999563,0.936510668682497,0.936510668682497,0.9687498177425437,0.905400055730598
model 2,166.32679854378281,0.008131137319179948,0.008147973919908057,0.924357736772052,0.924357736772052,0.9571270049430041,0.9364353455498291,0.9364353455498291,0.9687009537227782,0.9052433979944486
best model,0.3291718241321223,0.002572030838460894,0.0026389494795558406,0.7023273578124021,0.7023273578124021,0.9569224467504096,0.9354557139172885,0.9354557139172885,0.9688502739793652,0.9033232444255922
